-- MySQL Script generated by MySQL Workbench
-- 02/15/18 12:18:04
-- Model: New Model    Version: 1.0
-- MySQL Workbench Forward Engineering

SET @OLD_UNIQUE_CHECKS=@@UNIQUE_CHECKS, UNIQUE_CHECKS=0;
SET @OLD_FOREIGN_KEY_CHECKS=@@FOREIGN_KEY_CHECKS, FOREIGN_KEY_CHECKS=0;
SET @OLD_SQL_MODE=@@SQL_MODE, SQL_MODE='TRADITIONAL,ALLOW_INVALID_DATES';

-- -----------------------------------------------------
-- Schema uq17
-- -----------------------------------------------------
DROP SCHEMA IF EXISTS `uq17` ;

-- -----------------------------------------------------
-- Schema uq17
-- -----------------------------------------------------
CREATE SCHEMA IF NOT EXISTS `uq17` DEFAULT CHARACTER SET utf8 COLLATE utf8_general_ci ;
SHOW WARNINGS;
USE `uq17` ;

-- -----------------------------------------------------
-- Table `uq17`.`petstore`
-- -----------------------------------------------------
DROP TABLE IF EXISTS `uq17`.`petstore` ;

SHOW WARNINGS;
CREATE TABLE IF NOT EXISTS `uq17`.`petstore` (
  `pst_id` SMALLINT UNSIGNED NOT NULL AUTO_INCREMENT,
  `pst_name` VARCHAR(30) NOT NULL,
  `pst_street` VARCHAR(30) NOT NULL,
  `pst_city` VARCHAR(30) NOT NULL,
  `pst_state` CHAR(2) NOT NULL,
  `pst_zip` INT(9) NOT NULL,
  `pst_phone` BIGINT NOT NULL,
  `pst_email` VARCHAR(100) NOT NULL,
  `pst_url` VARCHAR(100) NOT NULL,
  `pst_ytd_sales` DECIMAL(10,2) NOT NULL,
  `pst_notes` VARCHAR(255) NULL,
  PRIMARY KEY (`pst_id`))
ENGINE = InnoDB;

SHOW WARNINGS;

-- -----------------------------------------------------
-- Table `uq17`.`customer`
-- -----------------------------------------------------
DROP TABLE IF EXISTS `uq17`.`customer` ;

SHOW WARNINGS;
CREATE TABLE IF NOT EXISTS `uq17`.`customer` (
  `cus_id` SMALLINT UNSIGNED NOT NULL AUTO_INCREMENT,
  `cus_fname` VARCHAR(15) NOT NULL,
  `cus_lname` VARCHAR(30) NOT NULL,
  `cus_street` VARCHAR(30) NOT NULL,
  `cus_city` VARCHAR(30) NOT NULL,
  `cus_state` CHAR(2) NOT NULL,
  `cus_zip` INT NOT NULL,
  `cus_phone` BIGINT NOT NULL,
  `cus_email` VARCHAR(100) NOT NULL,
  `cus_balance` DECIMAL(6,2) NOT NULL,
  `cus_total_sales` DECIMAL(6,2) NOT NULL,
  `cus_notes` VARCHAR(255) NULL,
  PRIMARY KEY (`cus_id`))
ENGINE = InnoDB;

SHOW WARNINGS;

-- -----------------------------------------------------
-- Table `uq17`.`pet`
-- -----------------------------------------------------
DROP TABLE IF EXISTS `uq17`.`pet` ;

SHOW WARNINGS;
CREATE TABLE IF NOT EXISTS `uq17`.`pet` (
  `pet_id` SMALLINT UNSIGNED NOT NULL AUTO_INCREMENT,
  `pst_id` SMALLINT UNSIGNED NOT NULL,
  `cus_id` SMALLINT UNSIGNED NULL,
  `pet_type` VARCHAR(45) NOT NULL,
  `pet_sex` ENUM('m','f') NOT NULL,
  `pet_cost` DECIMAL(6,2) NOT NULL,
  `pet_price` DECIMAL(6,2) NOT NULL,
  `pet_age` TINYINT NOT NULL,
  `pet_color` VARCHAR(30) NOT NULL,
  `pet_sale_date` DATE NULL,
  `pet_vaccine` ENUM('y','n') NOT NULL,
  `pet_neuter` ENUM('y','n') NOT NULL,
  `pet_notes` VARCHAR(255) NULL,
  PRIMARY KEY (`pet_id`),
  INDEX `fk_pet_petstore_idx` (`pst_id` ASC),
  INDEX `fk_pet_customer1_idx` (`cus_id` ASC),
  CONSTRAINT `fk_pet_petstore`
    FOREIGN KEY (`pst_id`)
    REFERENCES `uq17`.`petstore` (`pst_id`)
    ON DELETE CASCADE
    ON UPDATE CASCADE,
  CONSTRAINT `fk_pet_customer1`
    FOREIGN KEY (`cus_id`)
    REFERENCES `uq17`.`customer` (`cus_id`)
    ON DELETE SET NULL
    ON UPDATE CASCADE)
ENGINE = InnoDB;

SHOW WARNINGS;

SET SQL_MODE=@OLD_SQL_MODE;
SET FOREIGN_KEY_CHECKS=@OLD_FOREIGN_KEY_CHECKS;
SET UNIQUE_CHECKS=@OLD_UNIQUE_CHECKS;

-- -----------------------------------------------------
-- Data for table `uq17`.`petstore`
-- -----------------------------------------------------
START TRANSACTION;
USE `uq17`;
INSERT INTO `uq17`.`petstore` (`pst_id`, `pst_name`, `pst_street`, `pst_city`, `pst_state`, `pst_zip`, `pst_phone`, `pst_email`, `pst_url`, `pst_ytd_sales`, `pst_notes`) VALUES (1, 'Dogs Plus', '8392 Thomasville Road', 'Tallahassee', 'FL', 32309, 8349874373, 'dogsdogs@email.com', 'www.dogsdogs.com', 500001, 'specialized store');
INSERT INTO `uq17`.`petstore` (`pst_id`, `pst_name`, `pst_street`, `pst_city`, `pst_state`, `pst_zip`, `pst_phone`, `pst_email`, `pst_url`, `pst_ytd_sales`, `pst_notes`) VALUES (2, 'Cats are Cool', '3845 Fifth Avenue', 'Tallahassee', 'FL', 32309, 8232832993, 'wegotcats@email.com', 'www.catsizcool.com', 665943, 'specialized store');
INSERT INTO `uq17`.`petstore` (`pst_id`, `pst_name`, `pst_street`, `pst_city`, `pst_state`, `pst_zip`, `pst_phone`, `pst_email`, `pst_url`, `pst_ytd_sales`, `pst_notes`) VALUES (3, 'Pets Pro', '8329 Kerry Forest Pkwy', 'Tallahassee', 'FL', 32312, 3843329489, 'prosofpets@email.com', 'www.petpro2.com', 993925, 'higher level of sales');
INSERT INTO `uq17`.`petstore` (`pst_id`, `pst_name`, `pst_street`, `pst_city`, `pst_state`, `pst_zip`, `pst_phone`, `pst_email`, `pst_url`, `pst_ytd_sales`, `pst_notes`) VALUES (4, 'Petco', '3992 Meridian Street', 'Tallahassee', 'FL', 32309, 3923030393, 'petco@email.com', 'www.petco5.com', 399239, 'Lower level of sales');
INSERT INTO `uq17`.`petstore` (`pst_id`, `pst_name`, `pst_street`, `pst_city`, `pst_state`, `pst_zip`, `pst_phone`, `pst_email`, `pst_url`, `pst_ytd_sales`, `pst_notes`) VALUES (5, 'Reptiles Inc. ', '7438 Bradfordville Road', 'Tallahassee', 'FL', 32312, 9392023032, 'lizards@email.com', 'www.repitlez.com', 202934, 'lowest sales');
INSERT INTO `uq17`.`petstore` (`pst_id`, `pst_name`, `pst_street`, `pst_city`, `pst_state`, `pst_zip`, `pst_phone`, `pst_email`, `pst_url`, `pst_ytd_sales`, `pst_notes`) VALUES (6, 'Foreign Pets', '8339 Thomasville Road', 'Thomasville', 'GA', 38329, 3922993920, 'foreignway@email.com', 'www.foreigntings.com', 9392902, 'highest level of sales');
INSERT INTO `uq17`.`petstore` (`pst_id`, `pst_name`, `pst_street`, `pst_city`, `pst_state`, `pst_zip`, `pst_phone`, `pst_email`, `pst_url`, `pst_ytd_sales`, `pst_notes`) VALUES (7, 'Man\'s Best Friend', '8274 Comrade Street', 'Tallahassee ', 'FL', 32309, 8392922993, 'bemyfriend@email.com', 'www.bff.com', 483923, 'compare to dogs plus');
INSERT INTO `uq17`.`petstore` (`pst_id`, `pst_name`, `pst_street`, `pst_city`, `pst_state`, `pst_zip`, `pst_phone`, `pst_email`, `pst_url`, `pst_ytd_sales`, `pst_notes`) VALUES (8, 'We the Pets', '7483 Monroe Street', 'Tallahassee', 'FL', 32310, 9394939923, 'wethebest@email.com', 'www.djkhaled.com', 392939, 'high customer service');
INSERT INTO `uq17`.`petstore` (`pst_id`, `pst_name`, `pst_street`, `pst_city`, `pst_state`, `pst_zip`, `pst_phone`, `pst_email`, `pst_url`, `pst_ytd_sales`, `pst_notes`) VALUES (9, 'Woof Inc.', '7382 Woodward Avenue', 'Tallahassee', 'FL', 32309, 3883920029, 'woofwoof@email.com', 'www.woofbark.com', 783729, 'compare to meow inc.');
INSERT INTO `uq17`.`petstore` (`pst_id`, `pst_name`, `pst_street`, `pst_city`, `pst_state`, `pst_zip`, `pst_phone`, `pst_email`, `pst_url`, `pst_ytd_sales`, `pst_notes`) VALUES (10, 'Meow Inc.', '7381 Wassup Street', 'Tallahassee', 'FL', 32309, 5993884993, 'meowmeow@email.com', 'www.meowmeow.com', 783728, 'compare to woof inc.');

COMMIT;


-- -----------------------------------------------------
-- Data for table `uq17`.`customer`
-- -----------------------------------------------------
START TRANSACTION;
USE `uq17`;
INSERT INTO `uq17`.`customer` (`cus_id`, `cus_fname`, `cus_lname`, `cus_street`, `cus_city`, `cus_state`, `cus_zip`, `cus_phone`, `cus_email`, `cus_balance`, `cus_total_sales`, `cus_notes`) VALUES (1, 'John', 'Doe', '3244 Thomasville Road', 'Tallahassee', 'FL', 32312, 8505451315, 'doedoe@email.com', 4552, 560, 'likes to shop at meow inc.');
INSERT INTO `uq17`.`customer` (`cus_id`, `cus_fname`, `cus_lname`, `cus_street`, `cus_city`, `cus_state`, `cus_zip`, `cus_phone`, `cus_email`, `cus_balance`, `cus_total_sales`, `cus_notes`) VALUES (2, 'Jimmy ', 'John', '8229 Monroe Street', 'Tallahassee', 'FL', 32309, 4856254255, 'jjman@email.com', 8372, 878, 'shops at woof inc.');
INSERT INTO `uq17`.`customer` (`cus_id`, `cus_fname`, `cus_lname`, `cus_street`, `cus_city`, `cus_state`, `cus_zip`, `cus_phone`, `cus_email`, `cus_balance`, `cus_total_sales`, `cus_notes`) VALUES (3, 'Rosa', 'Jones', '3893 Kerry Forest Pkwy', 'Tallahasee', 'FL', 32312, 6516166515, 'hes3@email.com', 4830, 2562, 'shops at reptiles inc');
INSERT INTO `uq17`.`customer` (`cus_id`, `cus_fname`, `cus_lname`, `cus_street`, `cus_city`, `cus_state`, `cus_zip`, `cus_phone`, `cus_email`, `cus_balance`, `cus_total_sales`, `cus_notes`) VALUES (4, 'Emily', 'Owens', '9399 Ox Bottom Road', 'Tallahasee', 'FL', 32312, 8448566515, 'qoijd3@email.com', 4918, 234, 'shops at pets pro');
INSERT INTO `uq17`.`customer` (`cus_id`, `cus_fname`, `cus_lname`, `cus_street`, `cus_city`, `cus_state`, `cus_zip`, `cus_phone`, `cus_email`, `cus_balance`, `cus_total_sales`, `cus_notes`) VALUES (5, 'Omarius', 'Roberson', '3929 Farnsworth Drive', 'Tallahasee', 'FL', 32312, 1554545849, 'jif4@email.com', 9490, 546, 'shops at petco');
INSERT INTO `uq17`.`customer` (`cus_id`, `cus_fname`, `cus_lname`, `cus_street`, `cus_city`, `cus_state`, `cus_zip`, `cus_phone`, `cus_email`, `cus_balance`, `cus_total_sales`, `cus_notes`) VALUES (6, 'Shaquille', 'O\'Neal', '9483 Baller Drive', 'Tallahasee', 'FL', 32310, 8944789487, 'jhfur9@email.com', 9958, 1768, 'shops at foreign pets');
INSERT INTO `uq17`.`customer` (`cus_id`, `cus_fname`, `cus_lname`, `cus_street`, `cus_city`, `cus_state`, `cus_zip`, `cus_phone`, `cus_email`, `cus_balance`, `cus_total_sales`, `cus_notes`) VALUES (7, 'Sartinder', 'Sartaj', '3829 Bradfordville Road', 'Tallahasee', 'FL', 32312, 9844979465, 'nnciuw6@email.com', 7290, 653, 'shops at dogs plus');
INSERT INTO `uq17`.`customer` (`cus_id`, `cus_fname`, `cus_lname`, `cus_street`, `cus_city`, `cus_state`, `cus_zip`, `cus_phone`, `cus_email`, `cus_balance`, `cus_total_sales`, `cus_notes`) VALUES (8, 'Thomas', 'Johnson', '2838 Woodware Avenue', 'Tallahasee', 'FL', 32309, 6871818151, 'jnvow2@email.com', 6878, 768, 'shops at man\'s best friend');
INSERT INTO `uq17`.`customer` (`cus_id`, `cus_fname`, `cus_lname`, `cus_street`, `cus_city`, `cus_state`, `cus_zip`, `cus_phone`, `cus_email`, `cus_balance`, `cus_total_sales`, `cus_notes`) VALUES (9, 'Barry', 'Peterson', '1939 Academic Way', 'Tallahasee', 'FL', 32309, 1847819981, 'jnfiw1@email.com', 8908, 456, 'shops at we the pets ');
INSERT INTO `uq17`.`customer` (`cus_id`, `cus_fname`, `cus_lname`, `cus_street`, `cus_city`, `cus_state`, `cus_zip`, `cus_phone`, `cus_email`, `cus_balance`, `cus_total_sales`, `cus_notes`) VALUES (10, 'Sarah', 'Lane', '2883 Drury Lane', 'Tallahasee', 'FL', 32312, 8487416189, 'njvso57@email.com', 7786, 787, 'shops at we the pets');

COMMIT;


-- -----------------------------------------------------
-- Data for table `uq17`.`pet`
-- -----------------------------------------------------
START TRANSACTION;
USE `uq17`;
INSERT INTO `uq17`.`pet` (`pet_id`, `pst_id`, `cus_id`, `pet_type`, `pet_sex`, `pet_cost`, `pet_price`, `pet_age`, `pet_color`, `pet_sale_date`, `pet_vaccine`, `pet_neuter`, `pet_notes`) VALUES (1, 5, 3, 'Gecko', 'm', 50, 56, 2, 'orange', '2017-02-25', 'n', 'y', 'good pet');
INSERT INTO `uq17`.`pet` (`pet_id`, `pst_id`, `cus_id`, `pet_type`, `pet_sex`, `pet_cost`, `pet_price`, `pet_age`, `pet_color`, `pet_sale_date`, `pet_vaccine`, `pet_neuter`, `pet_notes`) VALUES (2, 5, 3, 'Black Mamba Snake', 'm', 450, 521, 3, 'black', '2017-03-30', 'n', 'n', 'venomous');
INSERT INTO `uq17`.`pet` (`pet_id`, `pst_id`, `cus_id`, `pet_type`, `pet_sex`, `pet_cost`, `pet_price`, `pet_age`, `pet_color`, `pet_sale_date`, `pet_vaccine`, `pet_neuter`, `pet_notes`) VALUES (3, 6, 6, 'Rhino', 'm', 1700, 1816, 72, 'grey', '2017-09-05', 'y', 'n', 'big');
INSERT INTO `uq17`.`pet` (`pet_id`, `pst_id`, `cus_id`, `pet_type`, `pet_sex`, `pet_cost`, `pet_price`, `pet_age`, `pet_color`, `pet_sale_date`, `pet_vaccine`, `pet_neuter`, `pet_notes`) VALUES (4, 1, 7, 'Pitbull', 'f', 356, 565, 26, 'white/brown', '2018-01-14', 'y', 'y', 'likes to eat');
INSERT INTO `uq17`.`pet` (`pet_id`, `pst_id`, `cus_id`, `pet_type`, `pet_sex`, `pet_cost`, `pet_price`, `pet_age`, `pet_color`, `pet_sale_date`, `pet_vaccine`, `pet_neuter`, `pet_notes`) VALUES (5, 1, NULL, 'German Shepherd', 'm', 245, 365, 56, 'brown/black', NULL, 'n', 'y', 'good friend');
INSERT INTO `uq17`.`pet` (`pet_id`, `pst_id`, `cus_id`, `pet_type`, `pet_sex`, `pet_cost`, `pet_price`, `pet_age`, `pet_color`, `pet_sale_date`, `pet_vaccine`, `pet_neuter`, `pet_notes`) VALUES (6, 3, NULL, 'Black Cat', 'f', 210, 325, 45, 'black', NULL, 'y', 'n', 'bad luck charm');
INSERT INTO `uq17`.`pet` (`pet_id`, `pst_id`, `cus_id`, `pet_type`, `pet_sex`, `pet_cost`, `pet_price`, `pet_age`, `pet_color`, `pet_sale_date`, `pet_vaccine`, `pet_neuter`, `pet_notes`) VALUES (7, 7, 8, 'Alaskan Husky', 'f', 426, 512, 12, 'grey,white,black', '2017-12-08', 'y', 'y', 'can be found in alaska');
INSERT INTO `uq17`.`pet` (`pet_id`, `pst_id`, `cus_id`, `pet_type`, `pet_sex`, `pet_cost`, `pet_price`, `pet_age`, `pet_color`, `pet_sale_date`, `pet_vaccine`, `pet_neuter`, `pet_notes`) VALUES (8, 8, 9, 'Chimpanzee', 'm', 795, 856, 62, 'black', '2017-08-21', 'y', 'n', 'needs swings to play on');
INSERT INTO `uq17`.`pet` (`pet_id`, `pst_id`, `cus_id`, `pet_type`, `pet_sex`, `pet_cost`, `pet_price`, `pet_age`, `pet_color`, `pet_sale_date`, `pet_vaccine`, `pet_neuter`, `pet_notes`) VALUES (9, 5, 3, 'Sea Turtle', 'f', 995, 1052, 99, 'green', '2017-06-19', 'n', 'n', 'can swim');
INSERT INTO `uq17`.`pet` (`pet_id`, `pst_id`, `cus_id`, `pet_type`, `pet_sex`, `pet_cost`, `pet_price`, `pet_age`, `pet_color`, `pet_sale_date`, `pet_vaccine`, `pet_neuter`, `pet_notes`) VALUES (10, 4, 5, 'African Grey Parrot', 'f', 356, 542, 25, 'grey,red', '2017-10-01', 'n', 'y', 'talks');

COMMIT;

